{
    "data": {
        "camera_calculations": {},
        "hough_line_params": {
            "pixels_per_row_percent": 0.75,
            "min_line_length_ratio": 0.25,
            "max_line_gap_ratio": 0.5,
            "min_line_gap_ratio": 0.01,
            "min_pixels_fact": 0.01
        },
        "kernel_params": {
            "horz_factor": 500,
            "vert_factor": 100,
            "kernel_factor": 200
        },
        "user_input": {
            "sensitivity": 0.0,
            "unit": "cm",
            "row_count": 2,
            "spacing": 18,
            "plant_size": 5,
            "row_width": 3
        },
        "ransac_params": {
            "max_err": 0.001
        },
        "line_ranking_params": {
            "inlier_coefficient": 0.2,
            "neighbor_coefficient": 0.25
        },
        "line_groups": {
            "intercept_perc": 0.05,
            "slope_perc": 0.2
        },
        "vanishing_calcs": {
            "x_deviation": 30
        },
        "img_size": {
            "im_dims": [
                640,
                360
            ]
        },
        "color_range": {
            "lower": [
                30,
                50,
                50
            ],
            "upper": [
                75,
                255,
                255
            ]
        },
        "calc_vals": {
            "row_num": 12,
            "spacing_pxls": [
                56.85336323488218,
                64.09629295307845,
                53.29953386868763,
                65.9130153140342,
                55.659699804652604,
                60.30102325682526,
                55.242902625441616,
                56.205046248835686,
                55.78278686688594,
                54.534902149532854,
                61.46766396867338
            ],
            "spacing_mm": [
                168.4442153519052,
                189.90344913883462,
                157.91498779134588,
                195.28600445643627,
                164.90764885066554,
                178.6588861146019,
                163.67276898044526,
                166.52339238207034,
                165.2723291868528,
                161.57511674234388,
                182.11539014749383
            ],
            "annotated_green": 48669.0,
            "avg_bot_width_pxl": 30.96728666945829,
            "avg_top_width_pxl": 19.82900019844973,
            "avg_bot_width_mm": 91.74937079912262,
            "avg_top_width_mm": 30.96728666945829,
            "avg_spacing_mm": 172,
            "avg_spacing_pxls": 58,
            "all_annot_pts": 120446.0,
            "all_green": 54234.0,
            "annotations": [
                [
                    [
                        2.08064516,
                        47.37096774
                    ],
                    [
                        30.46774194,
                        0.91935484
                    ],
                    [
                        39.5,
                        0.91935484
                    ],
                    [
                        3.37096774,
                        82.20967742
                    ]
                ],
                [
                    [
                        2.08064516,
                        117.0483871
                    ],
                    [
                        56.27419355,
                        2.20967742
                    ],
                    [
                        69.17741935,
                        3.5
                    ],
                    [
                        4.66129032,
                        186.72580645
                    ]
                ],
                [
                    [
                        0.79032258,
                        283.5
                    ],
                    [
                        93.69354839,
                        3.5
                    ],
                    [
                        106.59677419,
                        2.20967742
                    ],
                    [
                        3.37096774,
                        350.59677419
                    ]
                ],
                [
                    [
                        29.17741935,
                        344.14516129
                    ],
                    [
                        127.24193548,
                        3.5
                    ],
                    [
                        144.01612903,
                        3.5
                    ],
                    [
                        66.59677419,
                        353.17741935
                    ]
                ],
                [
                    [
                        97.56451613,
                        350.59677419
                    ],
                    [
                        169.82258065,
                        3.5
                    ],
                    [
                        191.75806452,
                        6.08064516
                    ],
                    [
                        123.37096774,
                        354.46774194
                    ]
                ],
                [
                    [
                        146.59677419,
                        345.43548387
                    ],
                    [
                        207.24193548,
                        6.08064516
                    ],
                    [
                        221.43548387,
                        6.08064516
                    ],
                    [
                        181.43548387,
                        351.88709677
                    ]
                ],
                [
                    [
                        211.11290323,
                        348.01612903
                    ],
                    [
                        254.98387097,
                        -0.37096774
                    ],
                    [
                        274.33870968,
                        3.5
                    ],
                    [
                        247.24193548,
                        353.17741935
                    ]
                ],
                [
                    [
                        269.17741935,
                        355.75806452
                    ],
                    [
                        288.53225806,
                        3.5
                    ],
                    [
                        309.17741935,
                        3.5
                    ],
                    [
                        298.85483871,
                        354.46774194
                    ]
                ],
                [
                    [
                        327.24193548,
                        350.59677419
                    ],
                    [
                        329.82258065,
                        2.20967742
                    ],
                    [
                        346.59677419,
                        2.20967742
                    ],
                    [
                        360.79032258,
                        353.17741935
                    ]
                ],
                [
                    [
                        384.01612903,
                        348.01612903
                    ],
                    [
                        364.66129032,
                        8.66129032
                    ],
                    [
                        386.59677419,
                        8.66129032
                    ],
                    [
                        413.69354839,
                        355.75806452
                    ]
                ],
                [
                    [
                        440.79032258,
                        351.88709677
                    ],
                    [
                        404.66129032,
                        0.91935484
                    ],
                    [
