{
    "data": {
        "camera_vals": {
            "camera_name": "DJI mini se camera",
            "camera_matrix": [
                [
                    1.0,
                    0.0,
                    0.0
                ],
                [
                    0.0,
                    1.0,
                    0.0
                ],
                [
                    0.0,
                    0.0,
                    1.0
                ]
            ],
            "distortion_coefficients": [
                0.0,
                0.0,
                0.0,
                0.0,
                0.0
            ],
            "sensor_resolution": [
                1280,
                715
            ],
            "aspect_ratio": [
                16,
                9
            ],
            "focal_length": 24,
            "field_of_view": 83.0,
            "sensor_dimesions": [
                58.4,
                25.4
            ],
            "mount_height": 1500,
            "mount_angle": 60.0
        },
        "cam_params": {
            "intrinsic_params": [
                [
                    963.377504672489,
                    0.0,
                    636.8459296401265
                ],
                [
                    0.0,
                    975.5484025771242,
                    368.28990342196215
                ],
                [
                    0.0,
                    0.0,
                    1.0
                ]
            ],
            "extrinsic_params": [
                [
                    1.0,
                    0.0,
                    0.0,
                    0.0
                ],
                [
                    0.0,
                    0.5000000000000001,
                    -0.8660254037844386,
                    0.0
                ],
                [
                    0.0,
                    0.8660254037844386,
                    0.5000000000000001,
                    0.0
                ]
            ]
        },
        "calc_values": {
            "vanishing_point720x1280": [
                636.9421121386466,
                -1578.4017757236288
            ],
            "vanishing_point360x640": [
                324.26985946249965,
                -776.4560708467907
            ]
        }
    }
}