{
    "data": {
        "camera_data": {
            "camera_name": "DJI mini se camera",
            "camera_matrix": [
                [
                    1.0,
                    0.0,
                    0.0
                ],
                [
                    0.0,
                    1.0,
                    0.0
                ],
                [
                    0.0,
                    0.0,
                    1.0
                ]
            ],
            "distortion_coefficients": [
                [
                    -0.038982355724198454,
                    0.13272069349257332,
                    -0.003769832411071604,
                    0.0027746867475994265,
                    0.010664044403590513
                ]
            ],
            "sensor_resolution": [
                1280,
                715
            ],
            "aspect_ratio": [
                16,
                9
            ],
            "focal_length": 24,
            "field_of_view": 83.0,
            "sensor_dimesions": [
                58.4,
                25.4
            ],
            "mount_height": 1500,
            "mount_angle": 60.0
        },
        "cam_params": {
            "intrinsic_params": [
                [
                    481.2270623901854,
                    0.0,
                    323.4400323016
                ],
                [
                    0.0,
                    487.01984622121927,
                    178.7931076548088
                ],
                [
                    0.0,
                    0.0,
                    1.0
                ]
            ],
            "extrinsic_params": [
                [
                    1.0,
                    0.0,
                    0.0,
                    0.0
                ],
                [
                    0.0,
                    0.5000000000000001,
                    -0.8660254037844386,
                    0.0
                ],
                [
                    0.0,
                    0.8660254037844386,
                    0.5000000000000001,
                    0.0
                ]
            ]
        },
        "calc_values": {
            "vanishing_point720x1280": [
                636.9421121386466,
                -1578.4017757236288
            ],
            "vanishing_point360x640": [
                324.26985946249965,
                -776.4560708467907
            ]
        },
        "im_dims": [
            360,
            640,
            3
        ]
    }
}